{"cameraMode":{"drawMode":0,"name":"Shaded","section":"Shading Mode"},"sceneLighting":true,"audioPlay":false,"sceneViewState":{"m_AlwaysRefresh":false,"showFog":true,"showSkybox":true,"showFlares":true,"showImageEffects":true,"showParticleSystems":true,"showVisualEffectGraphs":true,"m_FxEnabled":true},"in2DMode":false,"pivot":{"x":-1.8149800300598145,"y":-3.4556968212127687,"z":5.777782917022705},"rotation":{"x":0.21301038563251496,"y":-0.0366331972181797,"z":0.007993285544216633,"w":0.9763252139091492},"size":12.12435531616211,"orthographic":false}