{"cameraMode":{"drawMode":0,"name":"Shaded","section":"Shading Mode"},"sceneLighting":true,"audioPlay":false,"sceneViewState":{"m_AlwaysRefresh":false,"showFog":true,"showSkybox":true,"showFlares":true,"showImageEffects":true,"showParticleSystems":true,"showVisualEffectGraphs":true,"m_FxEnabled":true},"in2DMode":false,"pivot":{"x":0.3178386092185974,"y":8.75233268737793,"z":6.320095062255859},"rotation":{"x":0.224901020526886,"y":0.004843828268349171,"z":-0.0013436800800263882,"w":0.9745224714279175},"size":9.942489624023438,"orthographic":false}